Date,Group,Raw,TaskID,EncTaskID,Done,Anomaly,PreHash,Proof
2025-06-01,A,202,3,—,Y,—,f19ef0d89c786c34fa4543d1820cc2a1293a2ce912862cba03b92072ef6f28e3,57448694146b7720e0be04f5accf5c80227f592c138cce640d6e9f632e1bde0a
2025-06-01,B,149,25,—,N,—,—,—
2025-06-01,C,40,—,MCliZlztXA66ELNKjabBi4ty2fDTp/5jIYmfi/I=,N,—,—,—
2025-06-02,A,61,12,—,N,—,5f86218d7289095c9c9f23fba77d1422cf08cb558b0aac3fbcade20dad459895,—
2025-06-02,B,105,6,—,N,—,—,—
2025-06-02,C,—,—,G7m+Mum06IH4Y3ctgx+xPBfxIkBMk67B7uO8K9s=,N,—,—,—
2025-06-03,C,—,—,mQ7IYPN78v4bD2Xrz2NkdkbIcIkuM7OOapjjITI=,N,—,—,—
2025-06-04,C,—,—,MfXf600zMUYfSEwi1fRBrhkAXgxLxGYM7lHwES4=,N,—,—,—
2025-06-05,C,—,—,OPbCKwjI0QH33IKG2ngkKdji2dvzvrOCkdLwL5Y=,N,—,—,—
2025-06-06,C,—,—,dEAxXAi8R5loDsD2wvxpB5v/p+xiLQvWdYvXHBY=,N,—,—,—
2025-06-07,C,—,—,/iobZYG/CKic5WSpSrGS3tKgEGtAjJKs2TUPhQU=,N,—,—,—
2025-06-08,C,—,—,xdc/RCPb9PexIsqTSHiPmtHCeRVGE9r8bTbtL5E=,N,—,—,—
2025-06-09,C,—,—,V/Bxh/SSFvkIV1IlZ398W7e4OQpOHSOe8MIc6v8=,N,—,—,—
2025-06-10,C,—,—,HfbKbQCEzRwAuTFecTH1McNRxGR2kiv7PqEShHY=,N,—,—,—
2025-06-11,C,—,—,DDtUkOtJxgw6P4dNHQLl1UlMMFHC4HgYm7SNbHA=,N,—,—,—
2025-06-12,C,—,—,i5oJZ/K/3OBEXR9cNc+ML+ha4Sifk4uBzOLr/is=,N,—,—,—
2025-06-13,C,—,—,h9lsUnqoiK52UATnEh66+H7csQPUQNEKT9bX6aM=,N,—,—,—
2025-06-14,C,—,—,b2gAfqDb5uP8j6aaeZLkkfqGUZNleFmEi7k+mg4=,N,—,—,—
2025-06-15,C,—,—,AKwMSpXpOTmMKnykGP1kpoK2cttejg1GDzdfRbg=,N,—,—,—
2025-06-16,C,—,—,Wfp1Tbq/7dptMUmQKwdhadIidJAJJ7gnmN3Zylc=,N,—,—,—
2025-06-17,C,—,—,Z1ciih760/JjAbqxwBy9pUYUvOKlAFJ0bCU6zBI=,N,—,—,—
2025-06-18,C,—,—,DXrpQckcGtyrIwq/O+oypOLD7LLl7nnAn9mfxlk=,N,—,—,—
2025-06-19,C,—,—,2NUdkNTdhjc7KbqFQ1erjg3k+RABD/paVIw2EaY=,N,—,—,—
2025-06-20,C,—,—,hTqCyMboHgwOem1xBQ+ewRXV9nYVFdzUqB7wVGA=,N,—,—,—
2025-06-21,C,—,—,pSpUbnZ3KuYO3dryVewrt0chp4CRvKBc2mx88yg=,N,—,—,—
2025-06-22,C,—,—,73OzHcRBUR5KVl9neKaUxTlyC/bNXn9WWCC0Us0=,N,—,—,—
2025-06-23,C,—,—,2aU7XxCwo0d4cJt6K2mBIx4qEsGfqODQYXn9aP0=,N,—,—,—
2025-06-24,C,—,—,B3Vi6E2cCcm1bNemOQBks3qzasjohtE+fo3Rud4=,N,—,—,—
2025-06-25,C,—,—,IOMwbKLh6Vyvd0Du6L5hTfjNpHB1RyKgZdzTLls=,N,—,—,—
2025-06-26,C,—,—,VJLqykTuAyRz+OIoCuEoy3PfBwNiapFMawiusIo=,N,—,—,—
2025-06-27,C,—,—,4OP+oj2nMh0RnTEtAtyMYUC2UEEeoZybciAciyc=,N,—,—,—
